{"loss": 1.4066828489303589, "precision": 0.7374100685119629, "recall": 0.443461149930954, "f1_score": 0.5883972644805908}