{"loss": [2.1025454998016357, 1.6599403619766235, 1.5200731754302979, 1.4248569011688232, 1.352310299873352, 1.2931113243103027, 1.2421175241470337, 1.193155288696289, 1.154842495918274, 1.111599087715149, 1.0803402662277222, 1.0440704822540283, 1.0097289085388184, 0.9774511456489563, 0.9454671740531921, 0.9153262376785278, 0.890123188495636, 0.8634203672409058, 0.8404478430747986, 0.8111023306846619, 0.7835615873336792, 0.7601622939109802, 0.7366270422935486, 0.711833119392395], "precision": [0.779781699180603, 0.7775981426239014, 0.7865674495697021, 0.7945694923400879, 0.8056679964065552, 0.8114806413650513, 0.817071259021759, 0.8216387629508972, 0.8244296908378601, 0.8351820111274719, 0.8441122770309448, 0.8444687724113464, 0.8512662649154663, 0.8604130744934082, 0.866129457950592, 0.8714083433151245, 0.8747316598892212, 0.8756237626075745, 0.8817442655563354, 0.890328049659729, 0.8942296504974365, 0.8993880748748779, 0.9024020433425903, 0.9058891534805298], "recall": [0.13769695162773132, 0.28218236565589905, 0.33665773272514343, 0.37277907133102417, 0.40026819705963135, 0.4253268539905548, 0.4428427815437317, 0.4563359022140503, 0.47854509949684143, 0.49220582842826843, 0.5064532160758972, 0.5169292688369751, 0.532433807849884, 0.5481059551239014, 0.5584981441497803, 0.5667951703071594, 0.5805397033691406, 0.5882501006126404, 0.599899411201477, 0.6164096593856812, 0.6299027800559998, 0.640546441078186, 0.6485919952392578, 0.6574757099151611], "f1_score": [0.42792487144470215, 0.5424907803535461, 0.5827187299728394, 0.6029165387153625, 0.6215219497680664, 0.6371102929115295, 0.6515253186225891, 0.6559671759605408, 0.6698793172836304, 0.6787629723548889, 0.6909151673316956, 0.7015588283538818, 0.7075930237770081, 0.7199128270149231, 0.7272879481315613, 0.7386021018028259, 0.7456419467926025, 0.7515085339546204, 0.7635769248008728, 0.7681025266647339, 0.7784109711647034, 0.7890546321868896, 0.7953402400016785, 0.8016259074211121], "val_loss": [1.785494089126587, 1.657511830329895, 1.5747792720794678, 1.5335748195648193, 1.5092432498931885, 1.493975281715393, 1.4597928524017334, 1.455568552017212, 1.4549143314361572, 1.4514548778533936, 1.4384067058563232, 1.4390584230422974, 1.4383962154388428, 1.4337399005889893, 1.4358538389205933, 1.4431297779083252, 1.4372215270996094, 1.4338504076004028, 1.4358580112457275, 1.4522665739059448, 1.443132996559143, 1.4419441223144531, 1.4532266855239868, 1.4541147947311401], "val_precision": [0.7803531885147095, 0.7578125, 0.7669458985328674, 0.766835629940033, 0.748353123664856, 0.750644326210022, 0.7573138475418091, 0.7524116039276123, 0.7536507844924927, 0.7434008717536926, 0.7363846898078918, 0.7411696314811707, 0.7402523159980774, 0.7361751198768616, 0.7222532033920288, 0.7311347126960754, 0.7251951098442078, 0.7299670577049255, 0.7214092016220093, 0.7195316553115845, 0.7202349305152893, 0.714893639087677, 0.7162092328071594, 0.7174721360206604], "val_recall": [0.23700971901416779, 0.29265838861465454, 0.337579607963562, 0.3550117313861847, 0.3808246850967407, 0.39054644107818604, 0.3818303644657135, 0.3922225832939148, 0.3979215621948242, 0.4059671461582184, 0.426081120967865, 0.4290982186794281, 0.4327857792377472, 0.4284277558326721, 0.43412670493125916, 0.4384847581386566, 0.4361381232738495, 0.4458598792552948, 0.4461950957775116, 0.453235000371933, 0.4522292912006378, 0.45055314898490906, 0.4636272192001343, 0.4528997540473938], "val_f1_score": [0.5165940523147583, 0.5464297533035278, 0.5548105835914612, 0.5668789744377136, 0.5685551166534424, 0.5695608258247375, 0.5712370276451111, 0.5799530744552612, 0.5712370276451111, 0.5776064395904541, 0.582970142364502, 0.580288290977478, 0.5755950212478638, 0.575259804725647, 0.5762655138969421, 0.5782769322395325, 0.5776064395904541, 0.5772712230682373, 0.5735836625099182, 0.5702313184738159, 0.5735836625099182, 0.5692256093025208, 0.575259804725647, 0.5702313184738159]}