{"loss": 1.6261330842971802, "precision": 0.7652077078819275, "recall": 0.40570303797721863, "f1_score": 0.5913470983505249}