{"loss": [11.358763694763184, 7.644913196563721, 5.541421413421631, 4.239963531494141, 3.407531976699829, 2.855912685394287, 2.4740958213806152, 2.2180263996124268, 2.0358943939208984, 1.9044113159179688, 1.8072741031646729, 1.735626220703125, 1.6824917793273926, 1.6387035846710205, 1.6071568727493286, 1.5834293365478516, 1.5531103610992432, 1.5384299755096436, 1.522808313369751, 1.5014976263046265, 1.497141718864441, 1.480049729347229, 1.4709275960922241, 1.4618881940841675, 1.450005292892456, 1.4411031007766724, 1.439964771270752, 1.4296634197235107, 1.420619010925293, 1.4136563539505005, 1.4052093029022217, 1.4018739461898804, 1.3994649648666382, 1.394893765449524, 1.3793745040893555, 1.3768937587738037, 1.3783115148544312, 1.3679741621017456, 1.362682819366455, 1.353818655014038, 1.3597341775894165, 1.345607042312622, 1.346872091293335, 1.3396402597427368, 1.340489149093628, 1.3285980224609375], "precision": [0.7861635088920593, 0.7961956262588501, 0.7978078126907349, 0.806326687335968, 0.8096208572387695, 0.8164861798286438, 0.8198023438453674, 0.8224101662635803, 0.8211199045181274, 0.8212311267852783, 0.8278763294219971, 0.824355959892273, 0.8243147134780884, 0.8276776075363159, 0.8228801488876343, 0.8301460146903992, 0.8314143419265747, 0.8261606097221375, 0.8271479606628418, 0.8297657370567322, 0.8228163123130798, 0.8317339420318604, 0.830665111541748, 0.8316251635551453, 0.8321723341941833, 0.8344041109085083, 0.8345611691474915, 0.8322426080703735, 0.8320936560630798, 0.833621621131897, 0.8342170715332031, 0.8367569446563721, 0.8366841673851013, 0.8396768569946289, 0.8385282158851624, 0.837490439414978, 0.8384358882904053, 0.8398301005363464, 0.8400900959968567, 0.845179557800293, 0.8371466994285583, 0.8429813981056213, 0.8410507440567017, 0.8413208723068237, 0.8410858511924744, 0.8416727781295776], "recall": [0.11523634195327759, 0.24555815756320953, 0.2867079973220825, 0.3140295147895813, 0.33288636803627014, 0.3411833643913269, 0.3545926809310913, 0.3586154878139496, 0.36624205112457275, 0.37344953417778015, 0.379316121339798, 0.38350653648376465, 0.3881160020828247, 0.3924740254878998, 0.39364734292030334, 0.40018439292907715, 0.4054642915725708, 0.4086489975452423, 0.4090680480003357, 0.4125880002975464, 0.4152698516845703, 0.42130404710769653, 0.4218069016933441, 0.4284277558326721, 0.43052297830581665, 0.4353838562965393, 0.43672478199005127, 0.43697619438171387, 0.44066375494003296, 0.44426751136779785, 0.44829031825065613, 0.45063695311546326, 0.4534026086330414, 0.4529835879802704, 0.4622024893760681, 0.4586825370788574, 0.4636272192001343, 0.46404626965522766, 0.4689071476459503, 0.47536036372184753, 0.4691585600376129, 0.47108614444732666, 0.47494134306907654, 0.4825678765773773, 0.480388879776001, 0.4807240962982178], "f1_score": [0.4224773645401001, 0.5377975106239319, 0.5704827308654785, 0.588082492351532, 0.596211850643158, 0.6096211671829224, 0.6168286800384521, 0.620432436466217, 0.6226114630699158, 0.6309084892272949, 0.6317465901374817, 0.6317465901374817, 0.6389540433883667, 0.6383674144744873, 0.640965461730957, 0.6389540433883667, 0.6472510695457458, 0.6463292241096497, 0.6425577998161316, 0.6509386301040649, 0.6475025415420532, 0.650100588798523, 0.6538719534873962, 0.6541233658790588, 0.654207170009613, 0.661079466342926, 0.6574757099151611, 0.6622527837753296, 0.6621689796447754, 0.6673650741577148, 0.6682869791984558, 0.6688736081123352, 0.6656050682067871, 0.6661079525947571, 0.6718069314956665, 0.6738182902336121, 0.6715554594993591, 0.6739858984947205, 0.6764163374900818, 0.6819477081298828, 0.6758297085762024, 0.6813610196113586, 0.6808581948280334, 0.6797686815261841, 0.6796848773956299, 0.687562882900238], "val_loss": [9.113009452819824, 6.454538822174072, 4.85100793838501, 3.8405396938323975, 3.2009150981903076, 2.768921136856079, 2.4609792232513428, 2.2636187076568604, 2.1211352348327637, 2.003840684890747, 1.9237236976623535, 1.8702772855758667, 1.8196165561676025, 1.7983366250991821, 1.7821426391601562, 1.7463147640228271, 1.7375776767730713, 1.7497003078460693, 1.741185188293457, 1.7078588008880615, 1.6957745552062988, 1.6921600103378296, 1.7012673616409302, 1.6914142370224, 1.680109977722168, 1.6816717386245728, 1.668514370918274, 1.6687369346618652, 1.6661337614059448, 1.673981785774231, 1.6700187921524048, 1.6704837083816528, 1.676572561264038, 1.6611804962158203, 1.6716505289077759, 1.6493549346923828, 1.6571345329284668, 1.6525636911392212, 1.66762113571167, 1.6571075916290283, 1.6548912525177002, 1.6539182662963867, 1.6526824235916138, 1.6719346046447754, 1.6689295768737793, 1.652761697769165], "val_precision": [0.7890724539756775, 0.7946611642837524, 0.7882462739944458, 0.7916666865348816, 0.7837837934494019, 0.7770700454711914, 0.7865259647369385, 0.7829153537750244, 0.7656934261322021, 0.7782071232795715, 0.7744742631912231, 0.7797256112098694, 0.7905048727989197, 0.7898715138435364, 0.7662968039512634, 0.7839013934135437, 0.7779400944709778, 0.7700573205947876, 0.7577213644981384, 0.7784722447395325, 0.7774686813354492, 0.7735849022865295, 0.7491981983184814, 0.7625330090522766, 0.7639168500900269, 0.7757201790809631, 0.771507203578949, 0.7590045928955078, 0.7691807746887207, 0.7757909297943115, 0.7786259651184082, 0.7641196250915527, 0.7734584212303162, 0.766793429851532, 0.7582908272743225, 0.7759067416191101, 0.7647435665130615, 0.7590512037277222, 0.7659854888916016, 0.7653523087501526, 0.758276104927063, 0.7674418687820435, 0.7508918046951294, 0.756206214427948, 0.7573349475860596, 0.7602564096450806], "val_recall": [0.20817968249320984, 0.2594703435897827, 0.2832718789577484, 0.30573248863220215, 0.3110962212085724, 0.3271873891353607, 0.3248407542705536, 0.3348977565765381, 0.3516594171524048, 0.337579607963562, 0.3580288290977478, 0.34294334053993225, 0.3516594171524048, 0.35031846165657043, 0.37043243646621704, 0.3623868525028229, 0.35702311992645264, 0.36037546396255493, 0.37009721994400024, 0.3757961690425873, 0.3747904896736145, 0.3848474621772766, 0.3915521204471588, 0.3875293433666229, 0.3818303644657135, 0.3791485130786896, 0.3757961690425873, 0.3885350227355957, 0.39658063650131226, 0.3781428039073944, 0.37613141536712646, 0.3855179250240326, 0.38685888051986694, 0.4056318998336792, 0.3985920250415802, 0.4016091227531433, 0.39993295073509216, 0.40764331817626953, 0.38954073190689087, 0.39691585302352905, 0.40697285532951355, 0.4093194901943207, 0.42339926958084106, 0.398256778717041, 0.4153536856174469, 0.39758631587028503], "val_f1_score": [0.5028494596481323, 0.539725124835968, 0.5517935156822205, 0.5581629276275635, 0.5638619065284729, 0.5641971230506897, 0.5611799955368042, 0.5682199001312256, 0.5652028322219849, 0.5625209808349609, 0.5702313184738159, 0.5745893120765686, 0.5755950212478638, 0.5719074606895447, 0.5749245882034302, 0.5776064395904541, 0.5776064395904541, 0.5601743459701538, 0.5638619065284729, 0.5799530744552612, 0.5755950212478638, 0.5759302973747253, 0.5722427368164062, 0.567549467086792, 0.5786121487617493, 0.5745893120765686, 0.5692256093025208, 0.5742540955543518, 0.573918879032135, 0.5729131698608398, 0.5772712230682373, 0.5809587836265564, 0.575259804725647, 0.5826349258422852, 0.580288290977478, 0.5806235074996948, 0.5786121487617493, 0.5796178579330444, 0.5682199001312256, 0.5759302973747253, 0.5766007304191589, 0.5722427368164062, 0.58162921667099, 0.5682199001312256, 0.5745893120765686, 0.573918879032135]}