{"loss": 6.4490580558776855, "precision": 0.7885167598724365, "recall": 0.32409045100212097, "f1_score": 0.5673549771308899}