{"loss": [23.450687408447266, 12.952627182006836, 7.986969947814941], "precision": [0.7828918695449829, 0.7882797718048096, 0.7962328791618347], "recall": [0.15110626816749573, 0.2795843183994293, 0.31176668405532837], "f1_score": [0.432031512260437, 0.5439155101776123, 0.5746731758117676], "val_loss": [16.766098022460938, 9.915878295898438, 6.469829082489014], "val_precision": [0.7874632477760315, 0.7818182110786438, 0.7946353554725647], "val_recall": [0.2695273160934448, 0.3171304166316986, 0.3178008794784546], "val_f1_score": [0.5286624431610107, 0.5326852202415466, 0.5574924349784851]}