{"loss": 1.4138787984848022, "precision": 0.7436474561691284, "recall": 0.45467060804367065, "f1_score": 0.5901671648025513}