{"loss": [2.117701530456543, 1.6728893518447876, 1.5300847291946411, 1.434120774269104, 1.3664194345474243, 1.3021206855773926, 1.2531658411026, 1.2051903009414673, 1.1601107120513916, 1.1205410957336426, 1.084578037261963, 1.048919677734375, 1.0213829278945923, 0.9900835156440735, 0.9547288417816162, 0.9262441396713257, 0.8939297795295715, 0.8714302778244019, 0.847017228603363, 0.8197445273399353, 0.7986533045768738, 0.7704915404319763, 0.7469441890716553, 0.7212889790534973, 0.6988273859024048, 0.6783424019813538], "precision": [0.7908089756965637, 0.77907794713974, 0.7894221544265747, 0.7967857122421265, 0.8057152628898621, 0.8152506947517395, 0.8177324533462524, 0.8267573714256287, 0.8305454254150391, 0.8408408164978027, 0.8422889113426208, 0.8537560105323792, 0.8555540442466736, 0.8596444725990295, 0.8670302629470825, 0.8723024129867554, 0.8794984221458435, 0.8809022307395935, 0.8833353519439697, 0.8932074308395386, 0.8943780064582825, 0.9020722508430481, 0.9017617702484131, 0.9090073704719543, 0.9122006893157959, 0.9135220050811768], "recall": [0.1384512186050415, 0.27899765968322754, 0.3377472460269928, 0.37395238876342773, 0.3993462920188904, 0.42381829023361206, 0.44368085265159607, 0.45834729075431824, 0.47854509949684143, 0.4927924871444702, 0.5057827830314636, 0.5191082954406738, 0.535115659236908, 0.5430774092674255, 0.5595876574516296, 0.5724941492080688, 0.5878310203552246, 0.5957090258598328, 0.6028327345848083, 0.6182534098625183, 0.6266342401504517, 0.6384512186050415, 0.6477539539337158, 0.6630908250808716, 0.6704659461975098, 0.6816962957382202], "f1_score": [0.42038217186927795, 0.5517097115516663, 0.5822997093200684, 0.6050117611885071, 0.6235333681106567, 0.6387026309967041, 0.6483405828475952, 0.6615822911262512, 0.6715554594993591, 0.6836238503456116, 0.6917532682418823, 0.7064197063446045, 0.7101072669029236, 0.7195776104927063, 0.7296345829963684, 0.7370097637176514, 0.7507542967796326, 0.7557828426361084, 0.7601407766342163, 0.7709521055221558, 0.7740529775619507, 0.7878813147544861, 0.7962621450424194, 0.8026315569877625, 0.81059330701828, 0.8167113661766052], "val_loss": [1.7987552881240845, 1.6390031576156616, 1.5865083932876587, 1.5376780033111572, 1.5031388998031616, 1.4889345169067383, 1.476083517074585, 1.4683581590652466, 1.450981855392456, 1.4378342628479004, 1.4414392709732056, 1.4370813369750977, 1.428418755531311, 1.4337414503097534, 1.4269511699676514, 1.4232875108718872, 1.4372066259384155, 1.4252345561981201, 1.434628963470459, 1.4303048849105835, 1.4370285272598267, 1.4506597518920898, 1.443872332572937, 1.4508771896362305, 1.4603487253189087, 1.4584167003631592], "val_precision": [0.7854821085929871, 0.7862939834594727, 0.7566947340965271, 0.7606837749481201, 0.7679181098937988, 0.7546296119689941, 0.7655405402183533, 0.7561748027801514, 0.7558212876319885, 0.7509068846702576, 0.7429245114326477, 0.7421784400939941, 0.7416909337043762, 0.7478108406066895, 0.733784556388855, 0.7398876547813416, 0.7288228869438171, 0.7345374822616577, 0.7302197813987732, 0.7208423614501953, 0.7281606197357178, 0.7202759981155396, 0.7263896465301514, 0.7148033380508423, 0.7142110466957092, 0.7144346237182617], "val_recall": [0.243043914437294, 0.29232317209243774, 0.3315454125404358, 0.3580288290977478, 0.37713712453842163, 0.3825008273124695, 0.37981897592544556, 0.40026819705963135, 0.4026148319244385, 0.4163593649864197, 0.4223935604095459, 0.4294334650039673, 0.4264163672924042, 0.4294334650039673, 0.4361381232738495, 0.4415018558502197, 0.44418370723724365, 0.4498826563358307, 0.4455246329307556, 0.44753605127334595, 0.4498826563358307, 0.45491117238998413, 0.45122361183166504, 0.4629567563533783, 0.45826348662376404, 0.459604412317276], "val_f1_score": [0.5001676082611084, 0.5360375642776489, 0.5507878065109253, 0.5521287322044373, 0.5678846836090088, 0.5755950212478638, 0.5786121487617493, 0.5732483863830566, 0.5762655138969421, 0.575259804725647, 0.5745893120765686, 0.5799530744552612, 0.5729131698608398, 0.5729131698608398, 0.5762655138969421, 0.5806235074996948, 0.573918879032135, 0.5792825818061829, 0.5772712230682373, 0.5759302973747253, 0.5712370276451111, 0.573918879032135, 0.58162921667099, 0.5735836625099182, 0.5685551166534424, 0.5755950212478638]}