{"loss": 1.6133004426956177, "precision": 0.7680995464324951, "recall": 0.4005899727344513, "f1_score": 0.5990167260169983}