{"loss": [12.583958625793457, 9.901860237121582, 8.027790069580078, 6.624034404754639, 5.574753761291504, 4.763540267944336, 4.13034200668335, 3.63443660736084, 3.2446398735046387, 2.933516502380371, 2.680335283279419, 2.4814345836639404, 2.321929454803467, 2.18580961227417, 2.078563928604126, 1.9900723695755005, 1.9208576679229736, 1.8566296100616455, 1.8075071573257446, 1.762464165687561, 1.7185441255569458, 1.6919273138046265, 1.6681911945343018, 1.6453797817230225, 1.62495756149292, 1.604992389678955, 1.5896753072738647, 1.5750021934509277, 1.5627548694610596, 1.5530027151107788, 1.539284586906433, 1.527724266052246, 1.5202243328094482, 1.5106921195983887, 1.5009164810180664, 1.500170111656189, 1.493972659111023, 1.4855753183364868, 1.4795275926589966, 1.4677726030349731, 1.4688749313354492, 1.4640939235687256, 1.4569746255874634, 1.4500296115875244, 1.4486311674118042, 1.43782377243042, 1.436567783355713, 1.4299925565719604, 1.4306858777999878, 1.4273966550827026, 1.422978401184082, 1.418829083442688, 1.418839693069458, 1.4102269411087036, 1.410801887512207, 1.400529384613037, 1.402858853340149, 1.4032807350158691, 1.3974676132202148, 1.3913295269012451, 1.386834979057312, 1.380767822265625, 1.38152015209198, 1.3804478645324707, 1.373113751411438, 1.3741989135742188, 1.3671261072158813, 1.367682695388794, 1.3641681671142578, 1.3606747388839722, 1.361872673034668], "precision": [0.7750257849693298, 0.7843364477157593, 0.7788350582122803, 0.7883785963058472, 0.80274897813797, 0.7970852255821228, 0.8063589930534363, 0.7964323163032532, 0.8128751516342163, 0.8132821917533875, 0.8110174536705017, 0.8187853693962097, 0.8139941692352295, 0.8182342648506165, 0.8221757411956787, 0.8200562596321106, 0.8211000561714172, 0.8251078724861145, 0.8263118863105774, 0.8268135786056519, 0.8255434632301331, 0.8323254585266113, 0.8221548199653625, 0.8240143656730652, 0.8250842690467834, 0.8243740200996399, 0.824774444103241, 0.8221681118011475, 0.8263576626777649, 0.8247708082199097, 0.8304587602615356, 0.8276275396347046, 0.8347870707511902, 0.8317471146583557, 0.8298159837722778, 0.8302828669548035, 0.8297198414802551, 0.8288273215293884, 0.8298645615577698, 0.8353288769721985, 0.8285619616508484, 0.8262497782707214, 0.8342413902282715, 0.829890251159668, 0.8343378305435181, 0.8316687941551208, 0.8287616968154907, 0.8320142030715942, 0.836424708366394, 0.8378549814224243, 0.8292955160140991, 0.8376477956771851, 0.8332533836364746, 0.8309419751167297, 0.8356228470802307, 0.8340352773666382, 0.8343710899353027, 0.8343968987464905, 0.8383446931838989, 0.8402929306030273, 0.837912917137146, 0.8352054357528687, 0.8396546244621277, 0.8360301852226257, 0.8373301029205322, 0.84037846326828, 0.8384858965873718, 0.8382667303085327, 0.8365340828895569, 0.8368826508522034, 0.8388746976852417], "recall": [0.06293999403715134, 0.17038217186927795, 0.2263660728931427, 0.2603922188282013, 0.27899765968322754, 0.2979383170604706, 0.30606770515441895, 0.3180522918701172, 0.32911497354507446, 0.3376634120941162, 0.34671470522880554, 0.3514079749584198, 0.3509889245033264, 0.35652029514312744, 0.3623030483722687, 0.36666107177734375, 0.36657726764678955, 0.3685048520565033, 0.3747904896736145, 0.37730473279953003, 0.3819141685962677, 0.38065704703330994, 0.38627222180366516, 0.3853503167629242, 0.38979214429855347, 0.3945692181587219, 0.3984244167804718, 0.3959939777851105, 0.40043580532073975, 0.39959773421287537, 0.40353670716285706, 0.4052128791809082, 0.4090680480003357, 0.41015756130218506, 0.4119175374507904, 0.4182031452655792, 0.41694602370262146, 0.41107943654060364, 0.42105263471603394, 0.42683538794517517, 0.4196279048919678, 0.4252430498600006, 0.42348307371139526, 0.43094199895858765, 0.4292658269405365, 0.432701975107193, 0.43806570768356323, 0.4316962659358978, 0.43840092420578003, 0.4425913393497467, 0.4360543191432953, 0.439322829246521, 0.43680858612060547, 0.4465303421020508, 0.4486255347728729, 0.44812270998954773, 0.4492121934890747, 0.4492959976196289, 0.4533188045024872, 0.4519778788089752, 0.45491117238998413, 0.45491117238998413, 0.4564197063446045, 0.45465973019599915, 0.4594368040561676, 0.46153202652931213, 0.4659738540649414, 0.46044251322746277, 0.4636272192001343, 0.46438148617744446, 0.46731477975845337], "f1_score": [0.31612470746040344, 0.4704156816005707, 0.5125712156295776, 0.5457593202590942, 0.5570734143257141, 0.5696446299552917, 0.5834730267524719, 0.5869091749191284, 0.5921052694320679, 0.6037545800209045, 0.6051793694496155, 0.6058498024940491, 0.6110459566116333, 0.6191753149032593, 0.6190077066421509, 0.6197620034217834, 0.62269526720047, 0.6256285905838013, 0.6278913617134094, 0.6305732727050781, 0.6323332190513611, 0.6320818066596985, 0.6314113140106201, 0.6368588805198669, 0.6378645896911621, 0.6382836103439331, 0.6380321979522705, 0.6406302452087402, 0.6402112245559692, 0.6381160020828247, 0.6416359543800354, 0.6447368264198303, 0.6485081911087036, 0.6449882388114929, 0.64783775806427, 0.6468320488929749, 0.6450721025466919, 0.6504358053207397, 0.6522795557975769, 0.655548095703125, 0.6540395617485046, 0.6530338525772095, 0.6552966833114624, 0.6561347842216492, 0.6547099947929382, 0.6573919057846069, 0.6585652232170105, 0.6596547365188599, 0.656889021396637, 0.6609118580818176, 0.6621689796447754, 0.6595708727836609, 0.6611632704734802, 0.6659403443336487, 0.6611632704734802, 0.6684545874595642, 0.6659403443336487, 0.6658565402030945, 0.6634261012077332, 0.670130729675293, 0.6677840948104858, 0.6681193709373474, 0.6714716553688049, 0.6697955131530762, 0.6724773645401001, 0.6750754117965698, 0.6739020943641663, 0.676081120967865, 0.6727287769317627, 0.6761649250984192, 0.6767516136169434], "val_loss": [10.96509838104248, 8.826156616210938, 7.250520706176758, 6.060296058654785, 5.1544060707092285, 4.458911895751953, 3.9320108890533447, 3.492281198501587, 3.154658317565918, 2.8911356925964355, 2.6794843673706055, 2.5016748905181885, 2.3602633476257324, 2.258043050765991, 2.157560110092163, 2.081982374191284, 2.015568256378174, 1.9639216661453247, 1.9298218488693237, 1.884657382965088, 1.857611894607544, 1.834823727607727, 1.81221342086792, 1.799683928489685, 1.7829447984695435, 1.7707613706588745, 1.747900366783142, 1.748464584350586, 1.7278650999069214, 1.7214317321777344, 1.703871250152588, 1.706613540649414, 1.7083066701889038, 1.7014260292053223, 1.7005527019500732, 1.690410852432251, 1.6918516159057617, 1.6763185262680054, 1.6816306114196777, 1.6735354661941528, 1.6664541959762573, 1.6684229373931885, 1.6734246015548706, 1.6698379516601562, 1.6570240259170532, 1.6674660444259644, 1.6610784530639648, 1.6657352447509766, 1.6511889696121216, 1.6537673473358154, 1.6580289602279663, 1.6590125560760498, 1.6476640701293945, 1.6565848588943481, 1.666641354560852, 1.6555696725845337, 1.6429405212402344, 1.6533002853393555, 1.6446987390518188, 1.645105004310608, 1.6355249881744385, 1.6399444341659546, 1.643460750579834, 1.6400151252746582, 1.6368697881698608, 1.643394947052002, 1.647965431213379, 1.6471350193023682, 1.6521462202072144, 1.6446415185928345, 1.6386401653289795],