{"loss": 1.6195728778839111, "precision": 0.7629683017730713, "recall": 0.4165191650390625, "f1_score": 0.6005899906158447}