{"loss": [11.694953918457031, 8.24772834777832, 6.179962635040283, 4.8430304527282715, 3.94568133354187, 3.3208792209625244, 2.8822383880615234, 2.5563056468963623, 2.32142972946167, 2.150118827819824, 2.015744924545288, 1.9228315353393555, 1.847020149230957, 1.7823301553726196, 1.7335209846496582, 1.6987553834915161, 1.6649558544158936, 1.6353139877319336, 1.6193283796310425, 1.6067084074020386, 1.5861657857894897, 1.5695202350616455, 1.560939908027649, 1.5527253150939941, 1.5399575233459473, 1.5307025909423828, 1.520256757736206, 1.5092087984085083, 1.50470769405365, 1.4990243911743164, 1.500596523284912, 1.487769365310669, 1.4827457666397095, 1.4765952825546265, 1.4768054485321045, 1.472143530845642, 1.4577406644821167, 1.4666441679000854, 1.455040693283081, 1.4473448991775513, 1.4450018405914307, 1.441123127937317, 1.444018006324768, 1.437420129776001, 1.4336278438568115, 1.4219924211502075, 1.4247366189956665, 1.422568917274475, 1.4109270572662354, 1.4167429208755493, 1.4103046655654907, 1.408017635345459, 1.4013255834579468, 1.3913511037826538, 1.4011962413787842, 1.390864610671997, 1.3913583755493164, 1.385925531387329, 1.3862417936325073, 1.3794119358062744, 1.3809860944747925, 1.3744622468948364, 1.3784279823303223, 1.3708703517913818, 1.364784598350525, 1.3633403778076172, 1.3613765239715576, 1.3584098815917969, 1.3572633266448975], "precision": [0.7692307829856873, 0.7854984998703003, 0.7901886701583862, 0.8007388710975647, 0.8033068776130676, 0.8106969594955444, 0.8064913749694824, 0.8106815218925476, 0.8159019947052002, 0.8119345307350159, 0.8153349757194519, 0.8096750378608704, 0.8188990950584412, 0.8190388083457947, 0.8166362047195435, 0.8198949098587036, 0.8194171190261841, 0.8196721076965332, 0.817540168762207, 0.8198214173316956, 0.8181037306785583, 0.8209908604621887, 0.8164448738098145, 0.8184152245521545, 0.8199389576911926, 0.8208879828453064, 0.8190701007843018, 0.8251001238822937, 0.8255022168159485, 0.8281974792480469, 0.8233650922775269, 0.8161311149597168, 0.8211631774902344, 0.8245442509651184, 0.8250325322151184, 0.8228882551193237, 0.828667402267456, 0.818458080291748, 0.8234919905662537, 0.8222152590751648, 0.8275590538978577, 0.8262566328048706, 0.8228128552436829, 0.8278713822364807, 0.8244107961654663, 0.8289638161659241, 0.8218691945075989, 0.8232222199440002, 0.8318146467208862, 0.8238601684570312, 0.8307598233222961, 0.8287943601608276, 0.8273001313209534, 0.8260869383811951, 0.8259103298187256, 0.8343824744224548, 0.830005943775177, 0.8294469118118286, 0.8356391191482544, 0.8294492959976196, 0.8349239230155945, 0.836895227432251, 0.8307897448539734, 0.8349015116691589, 0.8351648449897766, 0.834132194519043, 0.8250072598457336, 0.8339611887931824, 0.8389942646026611], "recall": [0.09889373183250427, 0.21790143847465515, 0.263241708278656, 0.2906470000743866, 0.3135266602039337, 0.32266175746917725, 0.32903116941452026, 0.3409319519996643, 0.351743221282959, 0.35350319743156433, 0.36004021763801575, 0.36330875754356384, 0.3653201460838318, 0.371354341506958, 0.3743714392185211, 0.3792323172092438, 0.38409319519996643, 0.38970834016799927, 0.3882836103439331, 0.3923902213573456, 0.399178683757782, 0.3985920250415802, 0.4011062681674957, 0.40077102184295654, 0.4052966833114624, 0.4090680480003357, 0.40747570991516113, 0.41434797644615173, 0.41669461131095886, 0.4189574122428894, 0.41996312141418457, 0.4214716851711273, 0.4259973168373108, 0.42457258701324463, 0.4248239994049072, 0.43027153611183167, 0.43412670493125916, 0.4288468062877655, 0.43362388014793396, 0.43798190355300903, 0.44041234254837036, 0.44359704852104187, 0.4358866810798645, 0.44460275769233704, 0.4426751732826233, 0.4451894164085388, 0.446614146232605, 0.4492121934890747, 0.45139122009277344, 0.45432451367378235, 0.4554140269756317, 0.45398926734924316, 0.4596882462501526, 0.46178343892097473, 0.4600234627723694, 0.4665605127811432, 0.46689572930336, 0.46505194902420044, 0.4657224416732788, 0.46832048892974854, 0.4692423641681671, 0.4725947082042694, 0.4699128270149231, 0.4759470224380493, 0.47770699858665466, 0.48131075501441956, 0.4761146605014801, 0.4824002683162689, 0.47820985317230225], "f1_score": [0.37303051352500916, 0.5044418573379517, 0.5394737124443054, 0.5634428262710571, 0.5791149735450745, 0.5841434597969055, 0.5913509726524353, 0.5998156070709229, 0.6053469777107239, 0.6066879034042358, 0.6133925318717957, 0.6133925318717957, 0.6165772676467896, 0.6195105314254761, 0.6208515167236328, 0.6230304837226868, 0.6251257061958313, 0.628226637840271, 0.6296513676643372, 0.6309084892272949, 0.6283104419708252, 0.6330875158309937, 0.6334227323532104, 0.6357693672180176, 0.6380321979522705, 0.6385350227355957, 0.6383674144744873, 0.641468346118927, 0.6395407319068909, 0.642306387424469, 0.6433120965957642, 0.6470834612846375, 0.6464968323707581, 0.646915853023529, 0.6465806365013123, 0.6465806365013123, 0.6512739062309265, 0.6484243869781494, 0.6518605351448059, 0.6531176567077637, 0.6516929268836975, 0.6565538048744202, 0.6532852649688721, 0.6527824401855469, 0.6539557576179504, 0.6599061489105225, 0.6578947305679321, 0.6578947305679321, 0.6650184392929077, 0.6575595140457153, 0.6567214131355286, 0.6606603860855103, 0.6629232168197632, 0.6680355072021484, 0.6604089736938477, 0.6666945815086365, 0.6698793172836304, 0.6686221957206726, 0.6702145338058472, 0.6713878512382507, 0.6700469255447388, 0.6694602966308594, 0.6681193709373474, 0.6724773645401001, 0.6702983379364014, 0.6726449728012085, 0.674321174621582, 0.6758297085762024, 0.6770868301391602], "val_loss": [9.58642292022705, 7.035562992095947, 5.428738594055176, 4.372494697570801, 3.647552013397217, 3.141007423400879, 2.793426513671875, 2.5171124935150146, 2.326819896697998, 2.183584451675415, 2.0715956687927246, 2.0027964115142822, 1.9353054761886597, 1.889304518699646, 1.8600289821624756, 1.817365288734436, 1.8038134574890137, 1.781919002532959, 1.7682117223739624, 1.7458776235580444, 1.7343841791152954, 1.723293662071228, 1.7186893224716187, 1.7006975412368774, 1.7032628059387207, 1.714259386062622, 1.6981205940246582, 1.6942139863967896, 1.6882374286651611, 1.6902143955230713, 1.704271674156189, 1.6816028356552124, 1.671204686164856, 1.6864796876907349, 1.6808701753616333, 1.674018144607544, 1.6726585626602173, 1.6682208776474, 1.664466142654419, 1.663429856300354, 1.6698024272918701, 1.6735929250717163, 1.6646043062210083, 1.6593430042266846, 1.6663622856140137, 1.686156153678894, 1.6886622905731201, 1.6763672828674316, 1.6593276262283325, 1.652944803237915, 1.6504976749420166, 1.6561588048934937, 1.6567484140396118, 1.6616864204406738, 1.6503220796585083, 1.6491165161132812, 1.655629277229309, 1.668745756149292, 1.6489871740341187, 1.6614198684692383, 1.65349543094635, 1.656760573387146, 1.6626161336898804, 1.6659797430038452, 1.6538666486740112, 1.6588913202285767, 1.6539530754089355, 1.651427149772644, 1.6614549160003662],