{"loss": 1.432301640510559, "precision": 0.7305057048797607, "recall": 0.4403146505355835, "f1_score": 0.5738446116447449}