{"loss": [1.7874873876571655, 1.4090611934661865, 1.2620131969451904, 1.1613644361495972, 1.0638513565063477, 0.9686706066131592, 0.8786779642105103, 0.7913241982460022, 0.7233270406723022, 0.6410366892814636, 0.5593476295471191, 0.5027844309806824, 0.4403042197227478], "precision": [0.7259898781776428, 0.7660330533981323, 0.7811669111251831, 0.7963036298751831, 0.8124604225158691, 0.8287132382392883, 0.8372712731361389, 0.8571587800979614, 0.8674110770225525, 0.8764969110488892, 0.8971537947654724, 0.9057462215423584, 0.9188149571418762], "recall": [0.28888702392578125, 0.4154374897480011, 0.46790143847465515, 0.505531370639801, 0.5377137064933777, 0.5737512707710266, 0.6058498024940491, 0.6447368264198303, 0.6705498099327087, 0.7054139971733093, 0.744971513748169, 0.7675158977508545, 0.8005363941192627], "f1_score": [0.4958095848560333, 0.5916023850440979, 0.6292322874069214, 0.6506872177124023, 0.6778411269187927, 0.7027321457862854, 0.7252765893936157, 0.7505866289138794, 0.7702816128730774, 0.7952564358711243, 0.8244217038154602, 0.8403452634811401, 0.8628897070884705], "val_loss": [1.5915849208831787, 1.4874993562698364, 1.4380673170089722, 1.4921777248382568, 1.4734411239624023, 1.5081151723861694, 1.535149335861206, 1.526416301727295, 1.5924484729766846, 1.57704758644104, 1.7453597784042358, 1.7045737504959106, 1.7582871913909912], "val_precision": [0.7134751677513123, 0.7479572892189026, 0.7258427143096924, 0.7095859050750732, 0.707676112651825, 0.6984694004058838, 0.6824742555618286, 0.6872037649154663, 0.67313152551651, 0.6851679086685181, 0.6416411995887756, 0.6522498726844788, 0.6382237672805786], "val_recall": [0.3372443914413452, 0.398927241563797, 0.4331210255622864, 0.4193764626979828, 0.45122361183166504, 0.45893394947052, 0.44384846091270447, 0.486087828874588, 0.4770365357398987, 0.4924572706222534, 0.4927924871444702, 0.5005028247833252, 0.49145156145095825], "val_f1_score": [0.5122359991073608, 0.56620854139328, 0.5729131698608398, 0.5561515092849731, 0.5762655138969421, 0.5698961019515991, 0.547435462474823, 0.5645323395729065, 0.5621857047080994, 0.5645323395729065, 0.5517935156822205, 0.5584981441497803, 0.5534696578979492]}