{"loss": 6.433950901031494, "precision": 0.7884250283241272, "recall": 0.32684364914894104, "f1_score": 0.5706981420516968}