{"loss": [23.366008758544922, 12.855184555053711, 7.937835693359375], "precision": [0.7791411280632019, 0.7940621972084045, 0.7997865676879883], "recall": [0.1490110605955124, 0.28243377804756165, 0.3140295147895813], "f1_score": [0.4332886338233948, 0.5469326376914978, 0.5777740478515625], "val_loss": [16.670188903808594, 9.881183624267578, 6.450883865356445], "val_precision": [0.7627599239349365, 0.7896150350570679, 0.7894309163093567], "val_recall": [0.27053302526474, 0.29567548632621765, 0.32551121711730957], "val_f1_score": [0.5289976596832275, 0.5484411716461182, 0.5571572184562683]}