{"loss": 1.72311270236969, "precision": 0.7702251672744751, "recall": 0.36322516202926636, "f1_score": 0.5695182085037231}