{"loss": [4.932827472686768, 2.2421858310699463, 2.101299524307251, 2.0531840324401855, 2.0476410388946533, 2.029467821121216, 2.021329402923584, 1.994519591331482, 2.0053598880767822, 1.9978809356689453, 1.9822648763656616, 1.9779541492462158, 1.9767252206802368, 1.9557663202285767, 1.979535460472107, 1.9470545053482056, 1.935681700706482, 1.9366240501403809, 1.9339030981063843, 1.935936450958252, 1.921313762664795, 1.9220377206802368, 1.926924228668213, 1.8989825248718262, 1.9079852104187012, 1.90731942653656, 1.9037964344024658, 1.9038195610046387, 1.9048329591751099, 1.888177514076233, 1.8936339616775513, 1.8961504697799683, 1.884919285774231, 1.8971445560455322, 1.8916648626327515, 1.874467372894287, 1.8762372732162476, 1.8673996925354004, 1.8746885061264038, 1.8773545026779175, 1.8718822002410889, 1.8768205642700195, 1.8758844137191772, 1.8780173063278198, 1.8709616661071777, 1.8593988418579102, 1.8646562099456787, 1.8583124876022339, 1.8525218963623047, 1.8599958419799805, 1.8568477630615234, 1.8654193878173828, 1.8600009679794312, 1.856894850730896, 1.851346731185913, 1.845241904258728, 1.8787363767623901, 1.8580139875411987, 1.8484340906143188, 1.8528649806976318, 1.8612961769104004, 1.8550066947937012, 1.8539484739303589, 1.832706093788147, 1.8482284545898438, 1.8386304378509521, 1.84983491897583, 1.8536845445632935, 1.8580267429351807, 1.8275704383850098, 1.8299487829208374, 1.855750322341919, 1.8420864343643188, 1.8543986082077026, 1.8522692918777466, 1.8578191995620728, 1.8517067432403564, 1.8513256311416626, 1.830007553100586, 1.8317266702651978, 1.835350513458252, 1.8494281768798828, 1.8486186265945435], "precision": [0.720246434211731, 0.7606291174888611, 0.7650631666183472, 0.7648018598556519, 0.7549964785575867, 0.7555710077285767, 0.7560465335845947, 0.767379105091095, 0.7581268548965454, 0.7546391487121582, 0.7620009183883667, 0.7661510705947876, 0.7593535780906677, 0.762546956539154, 0.7591373324394226, 0.7576480507850647, 0.7640253305435181, 0.7595664858818054, 0.7642733454704285, 0.7591543197631836, 0.7581896781921387, 0.7592116594314575, 0.7577744722366333, 0.7652822136878967, 0.7646310329437256, 0.7600429654121399, 0.7580475211143494, 0.7573875784873962, 0.7634782791137695, 0.7582739591598511, 0.7581630349159241, 0.755014955997467, 0.7602550387382507, 0.7573304176330566, 0.7564622759819031, 0.7655302286148071, 0.7686315774917603, 0.76535964012146, 0.771043062210083, 0.7631966471672058, 0.7583752274513245, 0.7628691792488098, 0.7622673511505127, 0.7558989524841309, 0.7614755630493164, 0.765106201171875, 0.7765799760818481, 0.761993408203125, 0.7686935067176819, 0.7702083587646484, 0.7628718018531799, 0.7608333230018616, 0.766113817691803, 0.75553297996521, 0.7580842971801758, 0.7579733729362488, 0.7625502943992615, 0.7649617195129395, 0.7564287185668945, 0.7621126770973206, 0.7625686526298523, 0.7557174563407898, 0.7646093964576721, 0.773471474647522, 0.7619244456291199, 0.7699693441390991, 0.7623949646949768, 0.7624354958534241, 0.7664570212364197, 0.7551349401473999, 0.765721321105957, 0.7638399600982666, 0.7613659501075745, 0.7650740742683411, 0.7665975093841553, 0.7590587139129639, 0.7647425532341003, 0.7610089182853699, 0.7652913331985474, 0.7637274265289307, 0.7631579041481018, 0.7585926651954651, 0.7690721750259399], "recall": [0.21555480360984802, 0.25938650965690613, 0.263912171125412, 0.27497485280036926, 0.26910826563835144, 0.2727958559989929, 0.27246060967445374, 0.28586992621421814, 0.2795005142688751, 0.27606436610221863, 0.2846966087818146, 0.28226616978645325, 0.2874622941017151, 0.28905463218688965, 0.2802547812461853, 0.29265838861465454, 0.2933288514614105, 0.2877975106239319, 0.29617834091186523, 0.29190412163734436, 0.29483741521835327, 0.2970164120197296, 0.3002011477947235, 0.3011230230331421, 0.30221253633499146, 0.2965135872364044, 0.30196112394332886, 0.2964297831058502, 0.2943345606327057, 0.303385853767395, 0.3016258776187897, 0.2965135872364044, 0.2997820973396301, 0.2900603413581848, 0.296764999628067, 0.3067381978034973, 0.30598390102386475, 0.30590009689331055, 0.30170968174934387, 0.3041401207447052, 0.3035534620285034, 0.30305060744285583, 0.30204492807388306, 0.303385853767395, 0.3044753670692444, 0.3109285831451416, 0.3079114854335785, 0.30883339047431946, 0.3136104643344879, 0.3098390996456146, 0.31168287992477417, 0.30606770515441895, 0.30581629276275635, 0.31185048818588257, 0.3104257583618164, 0.3146999776363373, 0.30170968174934387, 0.30958765745162964, 0.3081629276275635, 0.3071572184562683, 0.30254778265953064, 0.31294000148773193, 0.31252095103263855, 0.31277236342430115, 0.30925244092941284, 0.31587329506874084, 0.3041401207447052, 0.30958765745162964, 0.30640295147895813, 0.3142809271812439, 0.31226953864097595, 0.30874958634376526, 0.31578946113586426, 0.3073248267173767, 0.30967146158218384, 0.30548104643821716, 0.30866578221321106, 0.3084981441497803, 0.30933624505996704, 0.31939321756362915, 0.3110962212085724, 0.31260475516319275, 0.31260475516319275], "f1_score": [0.45088836550712585, 0.5032685399055481, 0.506872296333313, 0.5139121413230896, 0.5111464858055115, 0.5153369307518005, 0.5175997614860535, 0.5164264440536499, 0.5087998509407043, 0.5124036073684692, 0.5126550197601318, 0.5153369307518005, 0.5186054110527039, 0.5200302004814148, 0.5075427293777466, 0.5182701945304871, 0.5224606394767761, 0.5203654170036316, 0.5248072147369385, 0.5216225385665894, 0.5223767757415771, 0.5236338973045349, 0.5199463367462158, 0.5293328762054443, 0.5300871729850769, 0.5198625326156616, 0.5273215174674988, 0.5213711261749268, 0.5227958559989929, 0.5253939032554626, 0.5281595587730408, 0.5221253633499146, 0.5277405381202698, 0.5225444436073303, 0.5245558023452759, 0.5232986807823181, 0.5249748826026917, 0.5241367816925049, 0.5289976596832275, 0.5295004844665527, 0.5271538496017456, 0.5239691734313965, 0.5229634642601013, 0.5193597078323364, 0.5242205858230591, 0.5289976596832275, 0.5244719982147217, 0.5284947752952576, 0.5304223895072937, 0.5274891257286072, 0.5336909294128418, 0.5281595587730408, 0.5261482000350952, 0.5274891257286072, 0.5260643362998962, 0.5349480509757996, 0.5199463367462158, 0.5271538496017456, 0.5300871729850769, 0.526483416557312, 0.5279919505119324, 0.5245558023452759, 0.5247234106063843, 0.5323500037193298, 0.5276567339897156, 0.5291652679443359, 0.5296680927276611, 0.5243043899536133, 0.522292971611023, 0.5274891257286072, 0.5295842885971069, 0.5206168293952942, 0.5245558023452759, 0.5233824849128723, 0.5273215174674988, 0.5227958559989929, 0.5221253633499146, 0.5244719982147217, 0.5286624431610107, 0.5322661995887756, 0.5245558023452759, 0.5201978087425232, 0.5258967280387878],