{"loss": 1.6313642263412476, "precision": 0.7658501267433167, "recall": 0.41809242963790894, "f1_score": 0.596656858921051}