{"loss": [11.745040893554688, 8.29076099395752, 6.221651077270508, 4.869793891906738, 3.964710235595703, 3.3336148262023926, 2.879695177078247, 2.5606768131256104, 2.322068452835083, 2.14646315574646, 2.016599655151367, 1.9170939922332764, 1.8401801586151123, 1.7823673486709595, 1.7310729026794434, 1.693734884262085, 1.662468671798706, 1.6388661861419678, 1.6192258596420288, 1.5981699228286743, 1.5877403020858765, 1.5723093748092651, 1.5544956922531128, 1.5501463413238525, 1.5376209020614624, 1.528806447982788, 1.5210593938827515, 1.5090563297271729, 1.5067998170852661, 1.4935892820358276, 1.4913735389709473, 1.4875447750091553, 1.4846153259277344, 1.4824726581573486, 1.4740904569625854, 1.468572735786438, 1.4640477895736694, 1.4568878412246704, 1.4524363279342651, 1.4527608156204224, 1.444291114807129, 1.442922830581665, 1.4412304162979126, 1.430185317993164, 1.428913950920105, 1.4243708848953247, 1.4210739135742188, 1.4199762344360352, 1.4139305353164673, 1.4055551290512085, 1.4122980833053589, 1.404685616493225, 1.4005796909332275, 1.4004364013671875, 1.3922193050384521, 1.3921875953674316, 1.3950920104980469, 1.3815981149673462, 1.3830938339233398], "precision": [0.7824324369430542, 0.7781851291656494, 0.7879787087440491, 0.7815049886703491, 0.8012611269950867, 0.8007487654685974, 0.8082415461540222, 0.8103174567222595, 0.8136609792709351, 0.8165795207023621, 0.8144271969795227, 0.8201038837432861, 0.8144688606262207, 0.8188140392303467, 0.8216884732246399, 0.8213319182395935, 0.8220728635787964, 0.8207277655601501, 0.8204859495162964, 0.8209216594696045, 0.8203697204589844, 0.8243960738182068, 0.8216419219970703, 0.8201537132263184, 0.8174218535423279, 0.8228831887245178, 0.823737382888794, 0.8230029940605164, 0.8242838382720947, 0.8237032294273376, 0.8278418183326721, 0.8228533864021301, 0.8229014873504639, 0.8176150918006897, 0.8202823996543884, 0.82276451587677, 0.826617419719696, 0.8224239349365234, 0.8293988108634949, 0.8195689916610718, 0.8262732028961182, 0.8269684314727783, 0.8186633586883545, 0.8238935470581055, 0.8309118747711182, 0.824062705039978, 0.8311288952827454, 0.8273414373397827, 0.8298525810241699, 0.8334100246429443, 0.827008068561554, 0.8296318650245667, 0.8234405517578125, 0.828691840171814, 0.833207905292511, 0.8327109813690186, 0.8306246995925903, 0.8325286507606506, 0.8314074277877808], "recall": [0.09704995155334473, 0.21345961093902588, 0.2603922188282013, 0.28897082805633545, 0.30883339047431946, 0.32266175746917725, 0.3320482671260834, 0.34227287769317627, 0.35241368412971497, 0.35333555936813354, 0.3652363419532776, 0.3706000745296478, 0.37269526720046997, 0.3749580979347229, 0.3784780502319336, 0.3814113438129425, 0.38954073190689087, 0.3856017291545868, 0.39339590072631836, 0.3926416337490082, 0.3942340016365051, 0.40328529477119446, 0.40345290303230286, 0.4024471938610077, 0.4097385108470917, 0.4080623388290405, 0.41007375717163086, 0.4161917567253113, 0.4147670269012451, 0.42054978013038635, 0.42113643884658813, 0.42004692554473877, 0.4264163672924042, 0.4286791682243347, 0.4284277558326721, 0.4295172691345215, 0.43152865767478943, 0.4327857792377472, 0.4416694641113281, 0.43664097785949707, 0.4364733397960663, 0.44099900126457214, 0.44041234254837036, 0.4461950957775116, 0.45055314898490906, 0.4494636356830597, 0.4528997540473938, 0.4493798315525055, 0.4528997540473938, 0.4553301930427551, 0.45474353432655334, 0.4570901691913605, 0.4569225609302521, 0.46136438846588135, 0.4638786315917969, 0.46723097562789917, 0.46689572930336, 0.4624539017677307, 0.4703318774700165], "f1_score": [0.3720248341560364, 0.4999161958694458, 0.539725124835968, 0.560258150100708, 0.5719912648200989, 0.5890881419181824, 0.5942004919052124, 0.6029165387153625, 0.6036707758903503, 0.6061012148857117, 0.6123868823051453, 0.6169124841690063, 0.6193429231643677, 0.6170800924301147, 0.6197620034217834, 0.6253771185874939, 0.6276399493217468, 0.6293999552726746, 0.6281428337097168, 0.6294837594032288, 0.6302379965782166, 0.634177029132843, 0.6362721920013428, 0.6362721920013428, 0.6361045837402344, 0.6411330699920654, 0.640546441078186, 0.6397921442985535, 0.6389540433883667, 0.6415521502494812, 0.6444854140281677, 0.6460777521133423, 0.6444016098976135, 0.6448206305503845, 0.6445692181587219, 0.6456587314605713, 0.6485081911087036, 0.650519609451294, 0.6514415144920349, 0.6513577103614807, 0.6527824401855469, 0.6596547365188599, 0.6552966833114624, 0.6535367369651794, 0.6578947305679321, 0.6623365879058838, 0.6593194603919983, 0.6547938585281372, 0.6644317507743835, 0.667029857635498, 0.6607441902160645, 0.6625880002975464, 0.6626718044281006, 0.6661079525947571, 0.6691250205039978, 0.6648508310317993, 0.6640965342521667, 0.6656050682067871, 0.6684545874595642], "val_loss": [9.630328178405762, 7.0788140296936035, 5.459142684936523, 4.393871784210205, 3.6668639183044434, 3.156287908554077, 2.7840349674224854, 2.5163967609405518, 2.322314977645874, 2.200310230255127, 2.082787275314331, 2.0083987712860107, 1.9447190761566162, 1.8924649953842163, 1.845536470413208, 1.8206177949905396, 1.7919471263885498, 1.787268042564392, 1.7654579877853394, 1.7506908178329468, 1.734241247177124, 1.7352937459945679, 1.7163480520248413, 1.7283260822296143, 1.6998080015182495, 1.6845040321350098, 1.6901098489761353, 1.690726637840271, 1.6783950328826904, 1.6998587846755981, 1.6802234649658203, 1.6832045316696167, 1.6770786046981812, 1.6675457954406738, 1.7029070854187012, 1.6775997877120972, 1.6716111898422241, 1.6690081357955933, 1.6660888195037842, 1.665822148323059, 1.6605430841445923, 1.6538742780685425, 1.6673662662506104, 1.6687865257263184, 1.6639220714569092, 1.671891689300537, 1.6736119985580444, 1.6586686372756958, 1.652760624885559, 1.6619181632995605, 1.6600497961044312, 1.6624563932418823, 1.656375527381897, 1.6573450565338135, 1.6612248420715332, 1.6617530584335327, 1.656701922416687, 1.675924301147461, 1.655373454093933], "val_precision": [0.8139182925224304, 0.787685751914978, 0.8019607663154602, 0.8098039031028748, 0.7857740521430969, 0.7941422462463379, 0.7867768406867981, 0.7831325531005859, 0.8001658320426941, 0.7763258814811707, 0.7799684405326843, 0.7965299487113953, 0.7828996181488037, 0.7931559085845947, 0.7960724830627441, 0.7868602275848389, 0.7857142686843872, 0.7670654654502869, 0.774617075920105, 0.7856060862541199, 0.7712100148200989, 0.7703756093978882, 0.7774587273597717, 0.763832688331604, 0.77028888463974, 0.7857142686843872, 0.7681849002838135, 0.7754532694816589, 0.774193525314331, 0.7670033574104309, 0.7777013182640076, 0.7602605819702148, 0.7795774936676025, 0.7754266262054443, 0.756291389465332, 0.7642536759376526, 0.7781690359115601, 0.7655349373817444, 0.7779291272163391, 0.7652859687805176, 0.7706303000450134, 0.7725180983543396, 0.7558954954147339, 0.7622842192649841, 0.7693299055099487, 0.7607994675636292, 0.7638709545135498, 0.7611564993858337, 0.7624448537826538, 0.7577319741249084, 0.7672955989837646, 0.7459065914154053, 0.7638800144195557, 0.7706840634346008, 0.7632880210876465, 0.7466503977775574, 0.7594310641288757, 0.7550632953643799, 0.7660781741142273],