{"loss": 1.7042980194091797, "precision": 0.7751566767692566, "recall": 0.4135693311691284, "f1_score": 0.5992133617401123}