{"loss": [18.995996475219727, 15.173937797546387, 12.342588424682617, 10.211243629455566, 8.54813003540039, 7.2624359130859375, 6.255650520324707, 5.439601898193359, 4.791874408721924, 4.264888286590576, 3.8401622772216797, 3.487708330154419, 3.196796178817749, 2.961310386657715, 2.7611758708953857, 2.592099666595459, 2.4540109634399414, 2.346858263015747, 2.2484958171844482, 2.171051025390625, 2.0960357189178467, 2.0447816848754883, 1.9944349527359009, 1.957524299621582, 1.9195353984832764, 1.8919304609298706, 1.862200140953064, 1.8366031646728516, 1.8193193674087524, 1.79830002784729, 1.7894905805587769, 1.7799969911575317, 1.7638952732086182, 1.7562366724014282, 1.738997220993042, 1.7264940738677979, 1.7260386943817139, 1.72038733959198, 1.7092602252960205, 1.7107365131378174, 1.7068699598312378, 1.7002753019332886, 1.695875883102417, 1.6854568719863892, 1.6852879524230957, 1.676849603652954, 1.6673160791397095, 1.672985315322876, 1.675468921661377, 1.6611140966415405, 1.659446120262146, 1.6495212316513062, 1.6561667919158936, 1.6580277681350708, 1.643803358078003, 1.6418564319610596, 1.6413383483886719, 1.63975191116333, 1.6325979232788086, 1.631284475326538, 1.629292607307434, 1.6278350353240967, 1.6214942932128906, 1.621072769165039, 1.6149955987930298, 1.6223373413085938, 1.6089673042297363, 1.607297420501709, 1.6049485206604004, 1.611762523651123, 1.5972894430160522, 1.598781943321228, 1.5938074588775635, 1.5935096740722656, 1.5926542282104492, 1.5863349437713623, 1.5946791172027588, 1.5876063108444214, 1.578000783920288, 1.5794438123703003, 1.5774415731430054, 1.569298505783081, 1.5805619955062866, 1.5737102031707764, 1.5693496465682983, 1.56221604347229, 1.5744857788085938, 1.5736225843429565, 1.5614453554153442, 1.5596874952316284, 1.5604034662246704, 1.5571928024291992, 1.5528141260147095, 1.5575940608978271, 1.551013708114624, 1.5470839738845825], "precision": [0.7377049326896667, 0.7597512602806091, 0.7760917544364929, 0.7730153799057007, 0.7706757187843323, 0.7838173508644104, 0.7871939539909363, 0.7925909757614136, 0.7911419868469238, 0.7930594086647034, 0.7967529892921448, 0.8058252334594727, 0.8029477000236511, 0.8060606122016907, 0.8003156781196594, 0.8038249015808105, 0.8112244606018066, 0.80475914478302, 0.8070244193077087, 0.8047086000442505, 0.8065130710601807, 0.8088068962097168, 0.8182336091995239, 0.811484694480896, 0.8132982850074768, 0.8097624182701111, 0.8052018880844116, 0.8177257776260376, 0.8135932683944702, 0.8078880310058594, 0.8109084367752075, 0.8087272644042969, 0.8078285455703735, 0.8136758208274841, 0.8075770735740662, 0.8135472536087036, 0.8127878308296204, 0.8151096701622009, 0.8157196044921875, 0.8147558569908142, 0.815798819065094, 0.8119909763336182, 0.820334255695343, 0.8172711730003357, 0.8094909191131592, 0.8131511807441711, 0.8166809678077698, 0.8138860464096069, 0.8148913979530334, 0.8129914402961731, 0.8156064748764038, 0.8131776452064514, 0.8078884482383728, 0.8119227290153503, 0.8140972256660461, 0.8130000233650208, 0.8189841508865356, 0.8129388093948364, 0.8187240958213806, 0.8091779351234436, 0.8163028955459595, 0.8144245147705078, 0.8128654956817627, 0.8144194483757019, 0.8185258507728577, 0.8137544989585876, 0.8177646398544312, 0.8174179792404175, 0.8154194355010986, 0.8186679482460022, 0.8106471300125122, 0.8158653974533081, 0.8166243433952332, 0.8139127492904663, 0.8192868828773499, 0.8150326013565063, 0.8157598972320557, 0.821843683719635, 0.8229976296424866, 0.8197812438011169, 0.8170366883277893, 0.8164116740226746, 0.8160317540168762, 0.8202194571495056, 0.8170940279960632, 0.8132896423339844, 0.8175696730613708, 0.8185951709747314, 0.821947455406189, 0.8202857971191406, 0.8189000487327576, 0.8177880644798279, 0.816749095916748, 0.8111264705657959, 0.8177106976509094, 0.8237736225128174], "recall": [0.02262822724878788, 0.11263828724622726, 0.175745889544487, 0.21463291347026825, 0.24756956100463867, 0.26466643810272217, 0.2802547812461853, 0.29944685101509094, 0.30539724230766296, 0.31218570470809937, 0.3249245584011078, 0.3269359767436981, 0.33330538868904114, 0.3343949019908905, 0.33992624282836914, 0.3416862189769745, 0.34646329283714294, 0.34579282999038696, 0.34663090109825134, 0.34948039054870605, 0.3549279272556305, 0.36020785570144653, 0.3610459268093109, 0.36004021763801575, 0.36288970708847046, 0.36565539240837097, 0.3710190951824188, 0.3688400983810425, 0.3742038309574127, 0.3725276589393616, 0.37629902362823486, 0.37277907133102417, 0.3822494149208069, 0.37696948647499084, 0.38409319519996643, 0.3825008273124695, 0.384596049785614, 0.3861045837402344, 0.3861883878707886, 0.385936975479126, 0.3860207796096802, 0.3927254378795624, 0.3949044644832611, 0.39658063650131226, 0.39314448833465576, 0.3990110754966736, 0.3980053663253784, 0.39984914660453796, 0.39624539017677307, 0.3985920250415802, 0.4029500484466553, 0.4085651934146881, 0.398256778717041, 0.4052128791809082, 0.4084813892841339, 0.4088166356086731, 0.412168949842453, 0.40755951404571533, 0.41409653425216675, 0.41082802414894104, 0.41376131772994995, 0.41451558470726013, 0.4193764626979828, 0.4156050980091095, 0.41694602370262146, 0.41451558470726013, 0.4182031452655792, 0.42398592829704285, 0.4228126108646393, 0.42339926958084106, 0.4262487292289734, 0.4266677796840668, 0.43144485354423523, 0.4285115599632263, 0.42365068197250366, 0.4298524856567383, 0.4259973168373108, 0.4326181709766388, 0.4348810017108917, 0.4334562420845032, 0.4348810017108917, 0.4427589774131775, 0.43085819482803345, 0.4385685622692108, 0.44066375494003296, 0.43697619438171387, 0.43756285309791565, 0.43756285309791565, 0.4456922709941864, 0.4425913393497467, 0.4430103898048401, 0.4430941939353943, 0.4430103898048401, 0.4423399269580841, 0.4496312439441681, 0.4489607810974121], "f1_score": [0.2403620481491089, 0.38937312364578247, 0.45491114258766174, 0.48055651783943176, 0.5098055601119995, 0.526483416557312, 0.5389708280563354, 0.5489439964294434, 0.5599228739738464, 0.5655380487442017, 0.5715722441673279, 0.5785283446311951, 0.5834730267524719, 0.5845625400543213, 0.5859034657478333, 0.593529999256134, 0.5958766341209412, 0.5952061414718628, 0.6019108295440674, 0.5987260937690735, 0.60216224193573, 0.6038384437561035, 0.6029165387153625, 0.6059336066246033, 0.6010727286338806, 0.6003184914588928, 0.6103754639625549, 0.6143982410430908, 0.6130573153495789, 0.6130573153495789, 0.614063024520874, 0.6131411194801331, 0.6139792203903198, 0.616744875907898, 0.6165772676467896, 0.6180019974708557, 0.6177505850791931, 0.6150687336921692, 0.6234495639801025, 0.6183372735977173, 0.6218571662902832, 0.6174991726875305, 0.615906834602356, 0.6262152194976807, 0.6180019974708557, 0.6245390772819519, 0.6271371245384216, 0.6211029291152954, 0.6170800924301147, 0.6252095103263855, 0.62730473279953, 0.6298189759254456, 0.6288132667541504, 0.6283104419708252, 0.6288970708847046, 0.627723753452301, 0.6314113140106201, 0.6310760974884033, 0.6297088265419006, 0.6292322874069214, 0.6335903406143188, 0.6302379965782166, 0.6350988745689392, 0.633255124092102, 0.6369426846504211, 0.6312437057495117, 0.6375293135643005, 0.634596049785614, 0.6356017589569092, 0.634596049785614, 0.6392055153846741, 0.6371940970420837, 0.6393731236457825, 0.64322829246521, 0.6406302452087402, 0.6420549750328064, 0.6387864351272583, 0.6383674144744873, 0.6417197585105896, 0.6457425355911255, 0.6403788328170776, 0.6443178057670593, 0.641887366771698, 0.6454911231994629, 0.6449044346809387, 0.6467482447624207, 0.6419711709022522, 0.6442340016365051, 0.6441501975059509, 0.6469996571540833, 0.6454073190689087, 0.6464968323707581, 0.6483405828475952, 0.6437311172485352, 0.6514415144920349, 0.6495139002799988],